query_seq_id,subject_seq_id,percent_identity,Query Coverage Per HSP
374417.0,1011.0,96.454,100.0
375811.0,3729.0,100.0,100.0
671099.0,8446.0,100.0,100.0
671110.0,8589.0,99.709,100.0
384601.0,13230.0,100.0,100.0
14548.0,14548.0,100.0,100.0
384765.0,15314.0,100.0,100.0
671467.0,18594.0,100.0,100.0
671684.0,22700.0,97.585,100.0
672056.0,33580.0,100.0,100.0
672266.0,37820.0,100.0,100.0
376187.0,39163.0,100.0,100.0
672374.0,41952.0,100.0,100.0
49410.0,49410.0,100.0,100.0
376320.0,51681.0,100.0,100.0
673011.0,58399.0,92.523,98.0
511505.0,58603.0,97.537,100.0
62769.0,62769.0,100.0,100.0
422192.0,64513.0,100.0,100.0
387068.0,68506.0,100.0,100.0
664877.0,70248.0,100.0,100.0
664878.0,70299.0,100.0,100.0
376651.0,71066.0,100.0,90.0
512439.0,76865.0,100.0,100.0
387572.0,80006.0,93.111,100.0
377013.0,92306.0,98.885,99.0
665329.0,94006.0,100.0,76.0
380597.0,94523.0,99.194,96.0
388270.0,94523.0,100.0,96.0
394584.0,98242.0,100.0,100.0
374596.0,99543.0,100.0,100.0
674520.0,102822.0,100.0,100.0
388671.0,103716.0,100.0,100.0
674652.0,104754.0,100.0,100.0
513978.0,105765.0,100.0,100.0
377317.0,107911.0,94.142,100.0
388995.0,109913.0,100.0,90.0
389124.0,112373.0,100.0,100.0
675159.0,115554.0,100.0,100.0
387676.0,116479.0,95.095,100.0
390054.0,128326.0,100.0,100.0
462894.0,129316.0,91.422,100.0
390204.0,130790.0,100.0,100.0
665866.0,132180.0,100.0,97.0
515656.0,133806.0,98.084,95.0
390536.0,139307.0,100.0,100.0
676311.0,142117.0,99.907,93.0
676651.0,150569.0,100.0,100.0
391117.0,150710.0,100.0,100.0
676705.0,151316.0,100.0,100.0
676720.0,151496.0,100.0,100.0
666289.0,153645.0,100.0,100.0
391465.0,161279.0,100.0,76.0
390800.0,166397.0,98.039,79.0
169057.0,169058.0,95.767,100.0
677425.0,173838.0,97.287,81.0
677696.0,186190.0,99.653,99.0
392251.0,186656.0,97.808,89.0
677720.0,186724.0,100.0,77.0
186952.0,186953.0,100.0,100.0
677779.0,189143.0,96.97,85.0
677834.0,189957.0,100.0,100.0
667108.0,194091.0,100.0,100.0
667135.0,194538.0,100.0,100.0
667138.0,194610.0,100.0,100.0
663524.0,198365.0,96.454,99.0
503821.0,199180.0,100.0,100.0
379363.0,199364.0,100.0,100.0
504047.0,204645.0,100.0,99.0
374827.0,207822.0,100.0,100.0
504200.0,209221.0,99.01,83.0
667580.0,213030.0,98.837,100.0
379875.0,214487.0,100.0,100.0
379990.0,216413.0,97.775,100.0
379999.0,216413.0,95.157,100.0
380005.0,216679.0,100.0,100.0
375092.0,221276.0,100.0,100.0
678662.0,223283.0,100.0,100.0
380300.0,223782.0,95.781,92.0
667957.0,223908.0,90.707,100.0
667964.0,223999.0,100.0,98.0
504939.0,225847.0,100.0,100.0
93749.0,229883.0,97.368,75.0
393411.0,230365.0,100.0,100.0
234118.0,234118.0,100.0,100.0
668395.0,235517.0,99.933,79.0
375251.0,240529.0,100.0,100.0
376844.0,242504.0,100.0,100.0
669030.0,250092.0,93.578,100.0
375298.0,253706.0,100.0,80.0
375398.0,255192.0,100.0,94.0
663960.0,269287.0,100.0,100.0
382667.0,273991.0,100.0,100.0
670127.0,278354.0,97.423,100.0
383566.0,287975.0,100.0,100.0
383289.0,300694.0,100.0,90.0
509432.0,304814.0,100.0,77.0
376739.0,306518.0,100.0,97.0
376531.0,322009.0,100.0,90.0
394173.0,340077.0,100.0,82.0
392136.0,366694.0,100.0,100.0
374376.0,374377.0,100.0,100.0
374403.0,374403.0,100.0,100.0
374429.0,374429.0,100.0,100.0
374430.0,374433.0,100.0,100.0
374434.0,374437.0,100.0,100.0
374442.0,374445.0,100.0,100.0
374463.0,374463.0,100.0,100.0
374530.0,374533.0,100.0,100.0
374579.0,374580.0,100.0,100.0
374588.0,374589.0,99.887,100.0
374618.0,374620.0,100.0,99.0
374683.0,374685.0,100.0,100.0
374513.0,374736.0,100.0,100.0
374766.0,374768.0,100.0,100.0
374846.0,374846.0,100.0,100.0
374999.0,374999.0,100.0,100.0
375009.0,375009.0,100.0,100.0
375010.0,375010.0,100.0,100.0
375459.0,375459.0,100.0,100.0
375638.0,375638.0,100.0,100.0
375708.0,375710.0,100.0,100.0
375792.0,375792.0,100.0,100.0
375829.0,375829.0,100.0,100.0
375867.0,375867.0,100.0,100.0
375947.0,375947.0,100.0,100.0
375965.0,375965.0,100.0,100.0
375970.0,375970.0,100.0,100.0
375971.0,375973.0,100.0,100.0
376263.0,376263.0,100.0,100.0
376268.0,376268.0,100.0,100.0
376295.0,376295.0,100.0,100.0
376525.0,376525.0,100.0,100.0
376593.0,376594.0,100.0,100.0
376626.0,376627.0,100.0,100.0
376767.0,376767.0,100.0,100.0
376918.0,376920.0,100.0,100.0
377053.0,377056.0,100.0,100.0
377081.0,377083.0,100.0,100.0
377127.0,377127.0,100.0,100.0
377220.0,377222.0,100.0,100.0
377251.0,377252.0,100.0,100.0
377303.0,377304.0,100.0,100.0
377433.0,377435.0,100.0,100.0
377455.0,377455.0,100.0,100.0
377477.0,377479.0,100.0,100.0
377568.0,377568.0,100.0,100.0
389858.0,377568.0,99.882,100.0
377731.0,377732.0,100.0,100.0
377779.0,377779.0,100.0,100.0
377782.0,377782.0,100.0,100.0
377910.0,377911.0,100.0,100.0
378152.0,378154.0,100.0,100.0
378186.0,378187.0,100.0,100.0
378237.0,378238.0,100.0,100.0
378251.0,378250.0,96.421,100.0
378313.0,378314.0,100.0,100.0
378441.0,378443.0,100.0,100.0
378564.0,378564.0,100.0,100.0
378670.0,378672.0,100.0,100.0
378699.0,378699.0,100.0,100.0
378719.0,378721.0,100.0,100.0
378749.0,378751.0,100.0,100.0
378809.0,378809.0,100.0,100.0
378871.0,378872.0,99.813,100.0
379136.0,379137.0,100.0,100.0
379139.0,379140.0,100.0,100.0
379150.0,379151.0,100.0,100.0
379163.0,379163.0,100.0,100.0
379239.0,379239.0,100.0,100.0
379313.0,379315.0,100.0,100.0
379564.0,379564.0,100.0,100.0
379692.0,379692.0,100.0,100.0
379862.0,379863.0,100.0,100.0
379960.0,379962.0,100.0,100.0
380074.0,380076.0,100.0,100.0
380116.0,380117.0,100.0,100.0
380147.0,380149.0,100.0,100.0
380578.0,380578.0,100.0,100.0
380604.0,380606.0,100.0,100.0
380608.0,380610.0,100.0,100.0
380773.0,380774.0,100.0,100.0
505441.0,380785.0,96.364,85.0
380327.0,381016.0,99.679,100.0
381145.0,381145.0,100.0,100.0
381223.0,381223.0,100.0,100.0
381295.0,381295.0,100.0,100.0
381331.0,381332.0,100.0,100.0
381349.0,381349.0,100.0,100.0
381359.0,381359.0,100.0,100.0
381574.0,381575.0,100.0,100.0
381785.0,381785.0,100.0,100.0
381889.0,381889.0,100.0,100.0
381943.0,381945.0,100.0,100.0
381946.0,381947.0,100.0,100.0
382011.0,382013.0,100.0,100.0
382173.0,382173.0,100.0,100.0
382340.0,382341.0,100.0,100.0
382578.0,382578.0,100.0,100.0
382595.0,382595.0,100.0,100.0
376464.0,382735.0,100.0,100.0
382808.0,382808.0,100.0,100.0
382861.0,382863.0,100.0,100.0
382908.0,382908.0,100.0,100.0
383092.0,383097.0,100.0,100.0
383222.0,383222.0,100.0,100.0
383258.0,383260.0,100.0,100.0
383320.0,383322.0,100.0,100.0
383338.0,383338.0,100.0,100.0
383375.0,383375.0,100.0,100.0
383447.0,383447.0,100.0,100.0
383518.0,383519.0,100.0,100.0
383662.0,383662.0,100.0,100.0
383665.0,383666.0,98.507,100.0
383735.0,383736.0,100.0,100.0
383783.0,383785.0,100.0,100.0
383808.0,383809.0,100.0,100.0
383850.0,383851.0,100.0,100.0
383935.0,383935.0,100.0,100.0
383942.0,383942.0,100.0,100.0
384008.0,384008.0,100.0,100.0
384090.0,384090.0,100.0,100.0
384113.0,384113.0,100.0,100.0
384269.0,384271.0,100.0,100.0
384556.0,384556.0,100.0,100.0
384565.0,384566.0,100.0,100.0
384739.0,384739.0,100.0,100.0
384745.0,384745.0,100.0,100.0
384804.0,384805.0,100.0,100.0
384928.0,384928.0,100.0,100.0
376989.0,384951.0,96.632,100.0
384950.0,384951.0,100.0,100.0
384989.0,384989.0,100.0,100.0
385234.0,385234.0,100.0,100.0
385414.0,385414.0,100.0,100.0
385461.0,385462.0,100.0,100.0
385502.0,385502.0,100.0,100.0
385611.0,385611.0,100.0,100.0
385767.0,385766.0,96.25,100.0
385894.0,385894.0,100.0,100.0
385908.0,385908.0,100.0,100.0
385980.0,385983.0,100.0,100.0
385984.0,385984.0,100.0,100.0
385992.0,385992.0,100.0,100.0
386070.0,386071.0,100.0,100.0
386192.0,386195.0,100.0,100.0
386237.0,386237.0,100.0,100.0
386386.0,386387.0,100.0,100.0
386453.0,386454.0,100.0,100.0
386501.0,386501.0,100.0,100.0
386514.0,386514.0,100.0,100.0
386645.0,386646.0,100.0,100.0
386730.0,386731.0,100.0,100.0
386736.0,386737.0,100.0,100.0
386739.0,386739.0,100.0,100.0
386889.0,386889.0,100.0,100.0
386945.0,386946.0,100.0,100.0
386980.0,386980.0,100.0,100.0
387239.0,387240.0,100.0,100.0
387504.0,387505.0,100.0,100.0
387525.0,387525.0,100.0,100.0
387531.0,387531.0,100.0,100.0
387547.0,387547.0,100.0,100.0
387689.0,387691.0,100.0,100.0
387692.0,387693.0,100.0,100.0
387974.0,387975.0,100.0,100.0
388022.0,388022.0,100.0,100.0
388081.0,388081.0,100.0,100.0
388102.0,388102.0,100.0,100.0
388251.0,388251.0,100.0,100.0
388260.0,388262.0,100.0,100.0
388273.0,388275.0,100.0,100.0
388280.0,388282.0,91.409,100.0
388288.0,388288.0,100.0,100.0
388293.0,388295.0,100.0,100.0
388331.0,388331.0,100.0,100.0
388380.0,388381.0,100.0,100.0
388573.0,388573.0,100.0,100.0
388628.0,388629.0,100.0,99.0
388683.0,388683.0,100.0,100.0
388844.0,388844.0,100.0,100.0
388908.0,388909.0,100.0,100.0
388976.0,388976.0,100.0,100.0
389007.0,389008.0,100.0,100.0
389058.0,389058.0,100.0,100.0
389104.0,389105.0,98.867,100.0
389110.0,389110.0,100.0,100.0
389133.0,389134.0,100.0,100.0
389154.0,389155.0,100.0,100.0
389239.0,389239.0,100.0,100.0
389292.0,389292.0,100.0,100.0
389313.0,389314.0,100.0,100.0
389469.0,389469.0,100.0,100.0
389633.0,389633.0,100.0,100.0
389646.0,389646.0,100.0,100.0
389665.0,389665.0,100.0,100.0
381834.0,389670.0,100.0,100.0
389695.0,389696.0,100.0,100.0
389918.0,389918.0,100.0,100.0
127581.0,389999.0,99.743,100.0
389998.0,389999.0,100.0,100.0
390083.0,390083.0,100.0,100.0
390127.0,390127.0,100.0,100.0
390227.0,390208.0,95.268,100.0
390258.0,390260.0,100.0,100.0
390322.0,390323.0,100.0,100.0
390450.0,390450.0,100.0,100.0
390552.0,390552.0,100.0,100.0
390605.0,390605.0,100.0,100.0
390632.0,390632.0,100.0,100.0
390761.0,390761.0,100.0,100.0
390809.0,390809.0,100.0,100.0
390877.0,390877.0,100.0,100.0
390974.0,390974.0,100.0,100.0
391080.0,391080.0,100.0,100.0
389772.0,391193.0,100.0,100.0
380068.0,391249.0,100.0,100.0
391370.0,391370.0,100.0,100.0
391412.0,391416.0,100.0,100.0
391613.0,391616.0,100.0,100.0
391617.0,391619.0,100.0,100.0
391632.0,391634.0,100.0,100.0
391749.0,391749.0,100.0,100.0
391765.0,391765.0,100.0,100.0
391788.0,391788.0,100.0,100.0
391852.0,391852.0,100.0,100.0
392138.0,392147.0,99.348,76.0
392180.0,392180.0,100.0,100.0
392213.0,392213.0,100.0,100.0
392325.0,392327.0,100.0,100.0
392362.0,392363.0,100.0,100.0
392439.0,392440.0,96.66,100.0
392552.0,392552.0,100.0,100.0
392566.0,392567.0,100.0,100.0
392575.0,392576.0,100.0,100.0
392604.0,392604.0,100.0,100.0
392622.0,392622.0,100.0,100.0
392625.0,392625.0,100.0,100.0
392645.0,392645.0,100.0,100.0
392843.0,392843.0,100.0,100.0
392870.0,392871.0,100.0,100.0
393040.0,393040.0,100.0,100.0
393068.0,393068.0,100.0,100.0
393082.0,393083.0,100.0,100.0
393138.0,393138.0,100.0,100.0
393374.0,393374.0,100.0,100.0
393463.0,393463.0,100.0,100.0
374411.0,394497.0,100.0,99.0
374783.0,395069.0,100.0,100.0
375469.0,396575.0,100.0,96.0
375563.0,396680.0,100.0,78.0
375647.0,396894.0,100.0,100.0
375610.0,397063.0,100.0,100.0
376088.0,397651.0,99.057,97.0
376047.0,397716.0,100.0,96.0
376011.0,397835.0,100.0,98.0
376207.0,398120.0,100.0,79.0
376336.0,398389.0,99.101,100.0
376512.0,398700.0,100.0,97.0
376644.0,398863.0,100.0,100.0
501121.0,399157.0,100.0,89.0
376960.0,399350.0,99.71,93.0
376921.0,399399.0,99.209,96.0
376972.0,399415.0,100.0,100.0
377118.0,399561.0,100.0,100.0
377121.0,399600.0,100.0,88.0
377164.0,399931.0,100.0,100.0
501902.0,400508.0,100.0,98.0
378003.0,401507.0,100.0,100.0
378074.0,401687.0,100.0,97.0
378053.0,401757.0,100.0,100.0
378260.0,401929.0,100.0,100.0
378242.0,401965.0,100.0,100.0
378295.0,402045.0,100.0,100.0
379122.0,404006.0,100.0,100.0
379509.0,404835.0,99.568,97.0
379586.0,404993.0,100.0,81.0
379655.0,405108.0,100.0,100.0
379788.0,405488.0,100.0,95.0
380212.0,406292.0,100.0,100.0
380289.0,406436.0,100.0,100.0
380496.0,407128.0,100.0,100.0
380882.0,408041.0,100.0,89.0
505552.0,408103.0,100.0,100.0
381009.0,408111.0,100.0,100.0
381037.0,408320.0,100.0,89.0
381100.0,408345.0,100.0,100.0
381321.0,408827.0,98.357,100.0
381481.0,409164.0,100.0,100.0
381792.0,409917.0,98.913,91.0
382001.0,410503.0,100.0,100.0
382444.0,411508.0,100.0,100.0
507848.0,412951.0,100.0,100.0
383202.0,413264.0,100.0,100.0
383263.0,413368.0,97.39,97.0
383311.0,413475.0,100.0,97.0
383327.0,413505.0,100.0,100.0
383395.0,413605.0,99.469,95.0
389062.0,413605.0,94.164,95.0
383514.0,413743.0,100.0,100.0
383749.0,414220.0,100.0,100.0
383786.0,414424.0,100.0,100.0
383766.0,414440.0,100.0,82.0
383836.0,414581.0,100.0,100.0
383989.0,414846.0,100.0,100.0
384840.0,416410.0,100.0,78.0
384885.0,416583.0,100.0,100.0
384873.0,416630.0,100.0,100.0
384869.0,416680.0,100.0,94.0
509620.0,416885.0,100.0,100.0
510157.0,418168.0,100.0,100.0
385496.0,418480.0,100.0,93.0
385589.0,418648.0,100.0,94.0
385704.0,418928.0,100.0,88.0
385975.0,419503.0,100.0,83.0
386618.0,420100.0,94.242,97.0
386447.0,420824.0,100.0,94.0
421641.0,421641.0,100.0,100.0
387013.0,422351.0,100.0,100.0
511989.0,422650.0,99.504,100.0
512166.0,422941.0,97.79,97.0
387332.0,423108.0,100.0,79.0
387512.0,423539.0,100.0,100.0
388044.0,425201.0,100.0,100.0
678990.0,425448.0,98.127,98.0
388205.0,425683.0,100.0,100.0
388223.0,425725.0,100.0,100.0
674242.0,425729.0,100.0,89.0
388532.0,426337.0,99.483,100.0
513956.0,427345.0,99.798,100.0
388925.0,427565.0,100.0,100.0
389107.0,428150.0,100.0,100.0
389295.0,428446.0,100.0,100.0
389338.0,428539.0,100.0,93.0
389384.0,428588.0,100.0,100.0
389438.0,428725.0,100.0,100.0
389457.0,428874.0,99.181,100.0
389965.0,430290.0,100.0,99.0
679117.0,430290.0,96.849,99.0
390276.0,430985.0,100.0,100.0
390394.0,431409.0,100.0,100.0
390525.0,431692.0,100.0,99.0
390748.0,432225.0,100.0,100.0
432471.0,432482.0,100.0,100.0
390796.0,432485.0,100.0,100.0
391456.0,434354.0,100.0,100.0
391557.0,435041.0,100.0,100.0
391659.0,435302.0,100.0,100.0
435576.0,435585.0,100.0,100.0
391736.0,435691.0,100.0,100.0
391962.0,436264.0,100.0,89.0
391974.0,436285.0,100.0,100.0
437690.0,437718.0,99.696,99.0
392287.0,437907.0,100.0,100.0
392436.0,438538.0,100.0,86.0
392732.0,439717.0,100.0,100.0
393216.0,441802.0,99.2,99.0
441958.0,441964.0,100.0,100.0
393528.0,444149.0,100.0,84.0
446039.0,446039.0,100.0,100.0
447324.0,447324.0,100.0,100.0
447807.0,447807.0,100.0,100.0
374384.0,447808.0,100.0,100.0
374454.0,447879.0,97.664,95.0
374460.0,447885.0,100.0,100.0
374487.0,447911.0,100.0,100.0
374562.0,447985.0,100.0,100.0
374608.0,448031.0,100.0,100.0
374633.0,448054.0,100.0,100.0
374802.0,448216.0,100.0,100.0
374810.0,448225.0,100.0,100.0
374916.0,448330.0,100.0,100.0
374927.0,448341.0,100.0,100.0
374936.0,448343.0,100.0,100.0
374966.0,448379.0,100.0,100.0
375089.0,448506.0,100.0,100.0
375119.0,448531.0,100.0,100.0
375175.0,448588.0,100.0,100.0
375195.0,448607.0,100.0,100.0
679182.0,448607.0,93.774,100.0
375290.0,448696.0,100.0,100.0
375514.0,448912.0,100.0,100.0
375517.0,448915.0,94.309,100.0
375607.0,449007.0,100.0,100.0
375655.0,449056.0,93.346,100.0
375660.0,449058.0,100.0,100.0
375804.0,449197.0,100.0,100.0
375860.0,449250.0,100.0,100.0
375953.0,449344.0,100.0,100.0
376104.0,449488.0,100.0,100.0
376239.0,449622.0,100.0,100.0
376309.0,449693.0,100.0,100.0
376345.0,449730.0,100.0,100.0
376390.0,449774.0,100.0,100.0
376467.0,449846.0,100.0,100.0
376656.0,450031.0,100.0,100.0
376709.0,450079.0,100.0,100.0
376764.0,450133.0,100.0,100.0
376821.0,450186.0,100.0,100.0
450195.0,450196.0,100.0,100.0
376892.0,450258.0,100.0,100.0
376908.0,450274.0,97.393,100.0
377001.0,450363.0,100.0,100.0
377038.0,450401.0,99.776,100.0
377334.0,450662.0,100.0,100.0
377343.0,450671.0,100.0,100.0
377501.0,450824.0,100.0,100.0
377630.0,450949.0,100.0,100.0
377633.0,450950.0,100.0,100.0
377680.0,450997.0,100.0,100.0
451008.0,451009.0,100.0,100.0
377925.0,451240.0,100.0,100.0
377973.0,451288.0,100.0,100.0
378021.0,451311.0,100.0,100.0
378031.0,451319.0,100.0,100.0
378185.0,451462.0,100.0,100.0
378298.0,451575.0,100.0,100.0
378301.0,451576.0,100.0,100.0
378804.0,452048.0,100.0,100.0
378916.0,452164.0,92.67,96.0
379045.0,452289.0,100.0,100.0
379106.0,452352.0,100.0,100.0
379144.0,452388.0,100.0,100.0
379225.0,452460.0,100.0,100.0
379262.0,452499.0,100.0,100.0
379295.0,452530.0,100.0,100.0
379298.0,452532.0,100.0,100.0
379389.0,452616.0,100.0,100.0
204563.0,452720.0,98.824,100.0
379592.0,452810.0,100.0,100.0
379739.0,452958.0,100.0,100.0
379975.0,453189.0,100.0,100.0
379993.0,453206.0,100.0,100.0
380118.0,453327.0,100.0,100.0
380192.0,453403.0,100.0,100.0
380266.0,453477.0,100.0,100.0
380368.0,453577.0,100.0,100.0
380479.0,453688.0,100.0,100.0
380490.0,453694.0,100.0,100.0
380530.0,453727.0,100.0,100.0
380581.0,453778.0,100.0,90.0
380587.0,453785.0,100.0,100.0
380654.0,453851.0,100.0,100.0
380889.0,454068.0,100.0,100.0
381018.0,454189.0,100.0,100.0
381301.0,454454.0,99.094,100.0
381308.0,454462.0,100.0,100.0
381436.0,454585.0,100.0,100.0
381633.0,454775.0,100.0,100.0
381745.0,454886.0,100.0,100.0
381752.0,454893.0,100.0,100.0
381768.0,454907.0,100.0,100.0
385718.0,454907.0,96.571,95.0
669195.0,454907.0,100.0,93.0
381795.0,454936.0,100.0,100.0
382048.0,455182.0,100.0,100.0
376743.0,455196.0,100.0,100.0
382064.0,455199.0,100.0,100.0
382246.0,455377.0,100.0,100.0
382365.0,455494.0,100.0,100.0
382396.0,455523.0,100.0,100.0
382479.0,455608.0,100.0,100.0
382607.0,455704.0,100.0,100.0
382703.0,455797.0,100.0,100.0
382785.0,455877.0,100.0,100.0
382794.0,455885.0,100.0,100.0
382837.0,455929.0,100.0,100.0
382869.0,455960.0,100.0,100.0
382940.0,456027.0,100.0,100.0
383007.0,456092.0,100.0,100.0
383030.0,456115.0,100.0,100.0
383048.0,456134.0,100.0,100.0
383080.0,456168.0,100.0,100.0
383084.0,456174.0,100.0,100.0
383242.0,456326.0,100.0,100.0
383324.0,456409.0,100.0,100.0
383385.0,456468.0,100.0,100.0
383522.0,456601.0,100.0,100.0
383573.0,456648.0,100.0,100.0
383645.0,456712.0,100.0,100.0
383774.0,456840.0,100.0,100.0
383929.0,456988.0,100.0,100.0
383969.0,457029.0,100.0,100.0
384005.0,457062.0,100.0,100.0
384031.0,457089.0,100.0,100.0
384287.0,457335.0,100.0,100.0
384426.0,457475.0,100.0,100.0
384748.0,457732.0,100.0,100.0
384857.0,457841.0,100.0,100.0
385015.0,457989.0,100.0,100.0
385029.0,458000.0,100.0,100.0
385076.0,458047.0,100.0,100.0
385107.0,458077.0,100.0,100.0
385364.0,458327.0,100.0,100.0
385469.0,458433.0,100.0,100.0
385583.0,458540.0,100.0,100.0
385689.0,458642.0,100.0,100.0
385754.0,458709.0,100.0,100.0
385760.0,458712.0,100.0,100.0
385797.0,458749.0,100.0,100.0
385960.0,458908.0,98.446,89.0
386153.0,459086.0,100.0,100.0
386218.0,459147.0,100.0,100.0
386256.0,459185.0,100.0,100.0
386271.0,459199.0,100.0,100.0
386378.0,459285.0,100.0,100.0
386381.0,459287.0,100.0,100.0
386395.0,459306.0,94.161,99.0
386873.0,459776.0,100.0,100.0
387089.0,459983.0,100.0,100.0
387149.0,460043.0,100.0,100.0
387382.0,460259.0,100.0,100.0
387435.0,460308.0,100.0,100.0
387474.0,460356.0,99.737,100.0
387517.0,460390.0,100.0,100.0
387603.0,460476.0,100.0,100.0
387826.0,460692.0,100.0,100.0
387983.0,460849.0,100.0,100.0
388035.0,460900.0,100.0,100.0
388069.0,460933.0,100.0,100.0
388123.0,460987.0,100.0,100.0
388284.0,461140.0,100.0,100.0
388340.0,461195.0,100.0,100.0
388482.0,461299.0,93.103,100.0
388490.0,461306.0,100.0,100.0
388746.0,461551.0,100.0,100.0
388769.0,461572.0,100.0,100.0
388816.0,461619.0,100.0,100.0
389139.0,461921.0,100.0,100.0
389312.0,462091.0,100.0,100.0
389353.0,462131.0,100.0,100.0
389409.0,462187.0,100.0,100.0
389552.0,462323.0,100.0,100.0
389566.0,462333.0,100.0,100.0
389642.0,462408.0,100.0,100.0
389732.0,462502.0,100.0,100.0
389751.0,462515.0,100.0,100.0
389822.0,462588.0,92.176,100.0
389976.0,462738.0,100.0,100.0
390094.0,462853.0,100.0,100.0
390140.0,462898.0,100.0,100.0
390273.0,463035.0,100.0,100.0
390310.0,463074.0,100.0,100.0
390543.0,463299.0,100.0,100.0
390561.0,463317.0,100.0,100.0
390602.0,463355.0,100.0,100.0
390608.0,463361.0,100.0,100.0
390862.0,463607.0,100.0,100.0
390889.0,463632.0,100.0,100.0
390897.0,463642.0,100.0,100.0
390971.0,463713.0,100.0,100.0
391004.0,463744.0,100.0,100.0
391046.0,463787.0,100.0,100.0
463838.0,463840.0,100.0,100.0
391108.0,463844.0,100.0,100.0
391140.0,463869.0,100.0,100.0
391184.0,463914.0,100.0,100.0
391310.0,464037.0,100.0,100.0
391501.0,464218.0,100.0,100.0
391813.0,464527.0,98.947,100.0
391876.0,464587.0,100.0,100.0
392195.0,464903.0,100.0,100.0
391510.0,464945.0,95.893,99.0
392248.0,464949.0,100.0,100.0
391607.0,464960.0,100.0,100.0
392306.0,465005.0,100.0,100.0
392381.0,465072.0,100.0,100.0
392424.0,465112.0,100.0,100.0
392489.0,465176.0,100.0,100.0
392543.0,465230.0,100.0,100.0
392569.0,465254.0,100.0,100.0
392613.0,465297.0,100.0,100.0
392616.0,465301.0,100.0,100.0
393034.0,465688.0,100.0,100.0
393043.0,465698.0,100.0,100.0
393356.0,466008.0,100.0,100.0
498614.0,498614.0,100.0,100.0
498819.0,498819.0,100.0,100.0
663237.0,498830.0,98.456,100.0
663257.0,498858.0,100.0,100.0
498916.0,498916.0,100.0,100.0
663478.0,499136.0,96.667,78.0
375441.0,499706.0,99.32,90.0
375505.0,499779.0,100.0,100.0
499895.0,499895.0,100.0,100.0
499940.0,499940.0,100.0,100.0
500102.0,500102.0,100.0,100.0
375854.0,500107.0,98.359,95.0
375906.0,500172.0,100.0,100.0
376087.0,500392.0,99.823,90.0
376122.0,500419.0,100.0,100.0
664705.0,500662.0,97.397,100.0
376330.0,500664.0,100.0,100.0
505444.0,500664.0,97.118,100.0
665048.0,501090.0,100.0,91.0
377084.0,501390.0,100.0,100.0
377090.0,501398.0,100.0,100.0
377161.0,501475.0,100.0,100.0
665437.0,501572.0,100.0,100.0
377561.0,501897.0,100.0,100.0
665510.0,502031.0,100.0,96.0
377723.0,502073.0,96.546,100.0
665937.0,502214.0,96.068,95.0
377852.0,502234.0,100.0,100.0
665991.0,502277.0,100.0,100.0
378034.0,502412.0,100.0,89.0
378310.0,502676.0,100.0,100.0
666344.0,502722.0,100.0,100.0
378446.0,502828.0,100.0,100.0
378687.0,503068.0,100.0,100.0
503204.0,503204.0,100.0,100.0
378913.0,503347.0,99.251,79.0
378943.0,503367.0,100.0,100.0
378964.0,503389.0,100.0,100.0
378975.0,503406.0,100.0,100.0
379076.0,503546.0,100.0,100.0
503571.0,503571.0,100.0,100.0
667127.0,503768.0,100.0,100.0
503788.0,503788.0,100.0,100.0
667354.0,504055.0,91.148,100.0
379523.0,504070.0,97.64,100.0
379604.0,504145.0,100.0,100.0
667507.0,504274.0,100.0,100.0
376516.0,504353.0,99.64,100.0
380378.0,504980.0,100.0,100.0
668129.0,505077.0,96.413,80.0
380500.0,505089.0,100.0,100.0
505122.0,505122.0,100.0,100.0
505251.0,505251.0,100.0,100.0
505319.0,505319.0,100.0,100.0
380696.0,505322.0,100.0,100.0
668527.0,505605.0,100.0,100.0
381034.0,505726.0,100.0,100.0
381289.0,506003.0,100.0,100.0
669069.0,506313.0,99.429,77.0
382099.0,506901.0,100.0,89.0
393581.0,506937.0,100.0,100.0
669546.0,506957.0,97.976,81.0
669550.0,506963.0,98.592,97.0
503392.0,506968.0,100.0,87.0
507042.0,507042.0,100.0,100.0
382260.0,507070.0,100.0,100.0
507087.0,507087.0,100.0,100.0
669770.0,507273.0,100.0,100.0
507433.0,507433.0,100.0,100.0
382660.0,507457.0,100.0,100.0
669922.0,507480.0,96.354,100.0
670025.0,507608.0,100.0,100.0
382817.0,507616.0,100.0,100.0
670136.0,507755.0,97.492,100.0
507861.0,507861.0,100.0,100.0
378855.0,507883.0,99.338,100.0
383267.0,507958.0,100.0,100.0
670422.0,508118.0,100.0,100.0
508143.0,508143.0,100.0,100.0
508258.0,508258.0,100.0,100.0
383677.0,508343.0,100.0,100.0
383724.0,508403.0,100.0,100.0
383966.0,508661.0,100.0,100.0
508753.0,508753.0,100.0,100.0
384149.0,508867.0,100.0,100.0
384217.0,508946.0,99.27,100.0
671118.0,508956.0,100.0,100.0
508993.0,508993.0,100.0,100.0
384429.0,509142.0,95.105,99.0
671308.0,509221.0,100.0,100.0
509421.0,509421.0,100.0,100.0
671568.0,509559.0,100.0,100.0
671805.0,509873.0,90.278,100.0
509925.0,509925.0,100.0,100.0
509936.0,509936.0,100.0,100.0
385518.0,510265.0,100.0,100.0
385621.0,510372.0,100.0,100.0
385997.0,510749.0,100.0,96.0
386172.0,510923.0,100.0,100.0
510925.0,510925.0,100.0,100.0
672750.0,511136.0,100.0,100.0
672834.0,511239.0,100.0,100.0
386582.0,511374.0,94.313,100.0
386621.0,511423.0,98.769,100.0
386626.0,511426.0,100.0,100.0
386796.0,511587.0,100.0,100.0
673255.0,511877.0,100.0,100.0
673379.0,512031.0,96.98,100.0
512057.0,512057.0,100.0,100.0
512866.0,512866.0,100.0,100.0
512879.0,512879.0,100.0,100.0
512883.0,512883.0,100.0,100.0
512894.0,512894.0,100.0,100.0
674144.0,513153.0,100.0,100.0
388158.0,513195.0,100.0,84.0
674191.0,513211.0,100.0,100.0
513315.0,513315.0,100.0,100.0
674290.0,513344.0,100.0,100.0
513625.0,513625.0,100.0,100.0
513659.0,513659.0,100.0,100.0
513705.0,513705.0,100.0,100.0
513728.0,513728.0,100.0,100.0
674773.0,514058.0,100.0,100.0
674784.0,514071.0,100.0,100.0
674804.0,514096.0,99.148,86.0
675081.0,514448.0,100.0,100.0
514490.0,514490.0,100.0,100.0
675146.0,514522.0,100.0,100.0
514612.0,514612.0,100.0,100.0
389645.0,514825.0,100.0,100.0
515108.0,515108.0,100.0,100.0
675661.0,515237.0,100.0,100.0
675775.0,515379.0,100.0,100.0
515394.0,515394.0,100.0,100.0
675869.0,515501.0,100.0,100.0
515779.0,515779.0,100.0,100.0
515861.0,515861.0,100.0,100.0
390507.0,515931.0,100.0,100.0
676358.0,516219.0,100.0,100.0
516526.0,516526.0,100.0,100.0
516589.0,516589.0,100.0,100.0
516656.0,516656.0,100.0,100.0
151685.0,516740.0,90.491,100.0
676741.0,516759.0,100.0,100.0
391178.0,516760.0,100.0,100.0
676779.0,516807.0,100.0,100.0
517073.0,517073.0,100.0,100.0
517080.0,517080.0,100.0,100.0
676997.0,517161.0,100.0,100.0
517403.0,517403.0,100.0,100.0
677487.0,517829.0,100.0,100.0
677538.0,517889.0,100.0,100.0
677591.0,517963.0,100.0,100.0
677764.0,518311.0,100.0,100.0
189774.0,518432.0,99.187,87.0
518453.0,518453.0,100.0,100.0
518456.0,518456.0,100.0,100.0
518682.0,518682.0,100.0,100.0
392599.0,518745.0,93.112,100.0
518749.0,518749.0,100.0,100.0
518784.0,518784.0,100.0,100.0
518888.0,518888.0,100.0,100.0
678189.0,518986.0,100.0,100.0
393198.0,519596.0,100.0,100.0
384855.0,519637.0,100.0,100.0
678738.0,519841.0,100.0,100.0
520039.0,520039.0,100.0,100.0
520343.0,520343.0,100.0,100.0
498545.0,522025.0,100.0,100.0
374840.0,522089.0,97.347,91.0
663650.0,522131.0,100.0,100.0
375385.0,522171.0,100.0,100.0
375438.0,522179.0,97.378,92.0
499945.0,522230.0,100.0,100.0
375878.0,522261.0,100.0,100.0
500375.0,522300.0,99.866,100.0
376191.0,522322.0,100.0,94.0
376360.0,522359.0,96.761,100.0
376629.0,522393.0,100.0,100.0
377035.0,522461.0,100.0,100.0
665373.0,522486.0,97.808,100.0
377326.0,522507.0,100.0,100.0
501650.0,522508.0,99.647,96.0
377516.0,522535.0,100.0,100.0
377868.0,522592.0,100.0,78.0
378077.0,522617.0,94.309,100.0
378164.0,522624.0,100.0,100.0
379153.0,522791.0,99.755,100.0
379452.0,522837.0,100.0,100.0
380119.0,522944.0,100.0,77.0
380224.0,522959.0,99.405,100.0
667901.0,522965.0,98.214,97.0
380297.0,522979.0,99.715,99.0
380835.0,523073.0,100.0,100.0
381392.0,523176.0,100.0,100.0
381404.0,523179.0,100.0,76.0
381414.0,523180.0,100.0,100.0
381827.0,523229.0,100.0,96.0
381886.0,523242.0,100.0,87.0
381966.0,523252.0,100.0,100.0
378900.0,523298.0,100.0,100.0
382587.0,523337.0,100.0,100.0
383482.0,523443.0,100.0,100.0
508203.0,523465.0,100.0,100.0
670799.0,523531.0,94.982,88.0
374414.0,523535.0,99.333,100.0
384152.0,523574.0,99.718,99.0
384906.0,523686.0,100.0,100.0
385197.0,523722.0,100.0,100.0
672047.0,523768.0,98.827,98.0
385707.0,523809.0,100.0,100.0
511338.0,523941.0,99.386,100.0
387036.0,524007.0,100.0,100.0
387566.0,524085.0,100.0,91.0
679491.0,524090.0,92.953,100.0
387859.0,524122.0,97.03,100.0
389748.0,524390.0,100.0,96.0
391009.0,524570.0,100.0,100.0
671223.0,524580.0,100.0,95.0
676655.0,524589.0,99.326,100.0
391130.0,524592.0,100.0,100.0
391471.0,524636.0,100.0,100.0
517635.0,524694.0,100.0,77.0
517649.0,524697.0,99.336,100.0
392573.0,524796.0,100.0,82.0
508911.0,619596.0,100.0,100.0
510718.0,623545.0,100.0,96.0
510934.0,623911.0,100.0,92.0
511960.0,626031.0,100.0,100.0
512235.0,626565.0,100.0,100.0
501305.0,627791.0,100.0,100.0
512859.0,627801.0,100.0,100.0
512871.0,627810.0,100.0,100.0
501504.0,629144.0,100.0,100.0
515722.0,632211.0,100.0,100.0
502938.0,635110.0,100.0,100.0
504922.0,641304.0,100.0,100.0
505312.0,642245.0,100.0,100.0
520024.0,642450.0,100.0,100.0
673319.0,643126.0,91.261,99.0
679446.0,644854.0,100.0,100.0
507260.0,646397.0,100.0,84.0
669860.0,646782.0,100.0,75.0
508611.0,649037.0,100.0,100.0
374475.0,660284.0,100.0,100.0
374744.0,660328.0,100.0,100.0
375885.0,660483.0,100.0,100.0
376077.0,660517.0,100.0,100.0
376204.0,660535.0,100.0,100.0
376746.0,660608.0,100.0,100.0
378654.0,660853.0,100.0,100.0
379251.0,660948.0,100.0,99.0
379282.0,660953.0,100.0,100.0
379603.0,660998.0,100.0,100.0
380019.0,661048.0,100.0,100.0
380032.0,661051.0,100.0,100.0
667912.0,661087.0,100.0,100.0
380338.0,661104.0,100.0,100.0
381045.0,661215.0,100.0,100.0
381124.0,661230.0,100.0,100.0
375030.0,661291.0,99.563,100.0
383004.0,661470.0,100.0,100.0
383453.0,661508.0,100.0,100.0
383468.0,661510.0,100.0,100.0
383817.0,661579.0,100.0,100.0
383986.0,661606.0,100.0,100.0
670904.0,661612.0,100.0,84.0
384272.0,661660.0,91.958,100.0
384345.0,661663.0,100.0,100.0
671809.0,661776.0,100.0,100.0
672100.0,661817.0,100.0,100.0
385615.0,661833.0,100.0,100.0
385637.0,661836.0,98.249,100.0
385646.0,661838.0,100.0,100.0
386950.0,662014.0,100.0,100.0
386966.0,662015.0,100.0,100.0
387200.0,662044.0,100.0,100.0
387284.0,662054.0,99.83,99.0
387292.0,662056.0,100.0,100.0
387559.0,662090.0,100.0,100.0
499670.0,662097.0,96.269,98.0
386002.0,662120.0,100.0,100.0
461547.0,662236.0,100.0,100.0
389114.0,662271.0,100.0,100.0
514456.0,662287.0,95.87,97.0
389634.0,662334.0,100.0,100.0
389811.0,662363.0,100.0,100.0
390205.0,662410.0,98.632,100.0
390255.0,662419.0,100.0,100.0
391746.0,662605.0,100.0,100.0
392377.0,662688.0,100.0,100.0
677948.0,662707.0,100.0,98.0
392642.0,662725.0,93.443,100.0
662952.0,662952.0,100.0,100.0
663000.0,663000.0,100.0,100.0
663048.0,663048.0,100.0,100.0
663117.0,663117.0,100.0,100.0
663118.0,663118.0,100.0,100.0
374551.0,663127.0,100.0,100.0
663180.0,663180.0,100.0,100.0
663203.0,663203.0,100.0,100.0
663240.0,663240.0,100.0,100.0
663250.0,663251.0,98.555,96.0
374738.0,663317.0,100.0,100.0
663396.0,663396.0,100.0,100.0
663410.0,663410.0,100.0,100.0
393600.0,663439.0,95.528,100.0
663539.0,663539.0,100.0,100.0
375028.0,663560.0,100.0,100.0
663573.0,663573.0,100.0,100.0
663606.0,663606.0,100.0,100.0
663642.0,663642.0,100.0,100.0
663703.0,663703.0,100.0,100.0
375204.0,663706.0,100.0,100.0
375206.0,663709.0,99.664,100.0
663758.0,663758.0,100.0,100.0
375286.0,663760.0,100.0,100.0
663761.0,663761.0,100.0,100.0
663803.0,663803.0,100.0,100.0
375364.0,663842.0,100.0,100.0
663949.0,663949.0,100.0,100.0
663952.0,663952.0,100.0,100.0
663962.0,663962.0,100.0,100.0
663979.0,663979.0,100.0,100.0
664011.0,664011.0,100.0,100.0
664037.0,664037.0,100.0,100.0
664082.0,664082.0,100.0,100.0
664110.0,664110.0,100.0,100.0
375767.0,664172.0,98.684,100.0
375903.0,664304.0,100.0,100.0
664334.0,664334.0,100.0,100.0
664381.0,664381.0,100.0,100.0
664384.0,664384.0,100.0,100.0
375966.0,664385.0,100.0,83.0
375984.0,664397.0,100.0,100.0
376008.0,664415.0,100.0,100.0
664436.0,664436.0,100.0,100.0
376080.0,664472.0,100.0,100.0
664567.0,664567.0,100.0,100.0
664575.0,664575.0,100.0,100.0
664593.0,664593.0,100.0,100.0
449612.0,664595.0,91.755,100.0
664632.0,664632.0,100.0,100.0
664653.0,664653.0,100.0,100.0
664722.0,664722.0,100.0,100.0
376453.0,664742.0,100.0,100.0
664791.0,664791.0,100.0,100.0
376522.0,664801.0,100.0,100.0
376554.0,664825.0,100.0,100.0
664876.0,664876.0,100.0,100.0
376605.0,664887.0,100.0,90.0
665011.0,665011.0,100.0,100.0
665066.0,665066.0,100.0,100.0
376882.0,665107.0,100.0,100.0
665252.0,665252.0,100.0,100.0
377072.0,665277.0,100.0,100.0
665343.0,665343.0,100.0,100.0
501470.0,665351.0,99.722,99.0
665454.0,665454.0,100.0,100.0
377399.0,665564.0,100.0,100.0
665620.0,665620.0,100.0,100.0
665782.0,665782.0,100.0,100.0
377718.0,665814.0,100.0,100.0
665879.0,665879.0,100.0,100.0
665907.0,665907.0,100.0,100.0
666037.0,666037.0,100.0,100.0
666180.0,666180.0,100.0,100.0
666359.0,666359.0,100.0,100.0
666386.0,666386.0,100.0,100.0
378810.0,666729.0,100.0,100.0
666734.0,666734.0,100.0,100.0
378824.0,666746.0,100.0,100.0
666756.0,666756.0,100.0,100.0
666783.0,666783.0,100.0,100.0
378994.0,666883.0,100.0,100.0
666922.0,666922.0,100.0,100.0
379050.0,666938.0,100.0,100.0
666949.0,666950.0,100.0,100.0
379069.0,666960.0,100.0,100.0
188860.0,666973.0,99.528,99.0
379088.0,666977.0,100.0,100.0
666988.0,666988.0,100.0,100.0
667057.0,667057.0,100.0,100.0
379242.0,667089.0,100.0,96.0
667103.0,667103.0,100.0,100.0
667160.0,667160.0,100.0,100.0
379376.0,667201.0,98.974,100.0
379383.0,667215.0,100.0,100.0
667221.0,667221.0,100.0,100.0
667240.0,667240.0,100.0,100.0
667249.0,667249.0,100.0,100.0
379475.0,667321.0,100.0,100.0
667331.0,667331.0,100.0,100.0
667358.0,667358.0,100.0,100.0
667374.0,667374.0,100.0,100.0
667410.0,667410.0,100.0,100.0
667449.0,667449.0,100.0,100.0
379666.0,667452.0,100.0,100.0
379675.0,667465.0,100.0,100.0
379686.0,667473.0,94.673,88.0
379707.0,667495.0,100.0,100.0
667499.0,667499.0,100.0,100.0
379794.0,667579.0,100.0,100.0
379876.0,667644.0,100.0,100.0
406100.0,667793.0,100.0,99.0
667808.0,667808.0,100.0,100.0
667821.0,667821.0,100.0,100.0
380172.0,667843.0,100.0,100.0
667883.0,667883.0,100.0,100.0
380253.0,667902.0,100.0,100.0
667945.0,667945.0,100.0,100.0
667953.0,667953.0,100.0,100.0
380318.0,667966.0,100.0,100.0
668009.0,668009.0,100.0,100.0
668053.0,668053.0,100.0,100.0
380558.0,668178.0,100.0,100.0
668261.0,668261.0,100.0,100.0
380728.0,668317.0,100.0,100.0
668319.0,668319.0,100.0,100.0
380743.0,668332.0,100.0,100.0
380755.0,668344.0,100.0,100.0
380760.0,668357.0,99.687,95.0
668391.0,668391.0,100.0,100.0
668392.0,668392.0,100.0,100.0
380854.0,668465.0,100.0,100.0
380892.0,668502.0,100.0,100.0
380938.0,668547.0,100.0,100.0
668559.0,668559.0,100.0,100.0
668662.0,668662.0,100.0,100.0
668699.0,668699.0,100.0,100.0
668729.0,668729.0,100.0,100.0
381245.0,668791.0,100.0,100.0
668847.0,668847.0,100.0,100.0
381328.0,668866.0,100.0,99.0
668892.0,668892.0,100.0,100.0
381382.0,668915.0,100.0,100.0
669049.0,669049.0,100.0,100.0
376528.0,669071.0,98.986,97.0
454764.0,669088.0,100.0,100.0
669147.0,669147.0,100.0,100.0
669154.0,669154.0,100.0,100.0
669182.0,669182.0,100.0,100.0
381846.0,669270.0,100.0,100.0
679049.0,669271.0,96.949,99.0
669326.0,669327.0,100.0,100.0
669346.0,669346.0,100.0,100.0
669385.0,669385.0,100.0,100.0
669524.0,669524.0,100.0,100.0
669526.0,669526.0,100.0,100.0
669558.0,669558.0,100.0,100.0
669604.0,669604.0,100.0,100.0
669607.0,669607.0,100.0,100.0
382299.0,669624.0,96.923,99.0
669635.0,669635.0,100.0,100.0
669667.0,669667.0,100.0,100.0
669716.0,669716.0,100.0,100.0
669722.0,669722.0,100.0,100.0
382489.0,669750.0,100.0,100.0
382528.0,669762.0,100.0,100.0
393464.0,669806.0,93.333,92.0
382610.0,669858.0,100.0,100.0
382615.0,669865.0,99.219,100.0
669876.0,669876.0,100.0,100.0
669877.0,669877.0,100.0,100.0
669884.0,669884.0,100.0,100.0
670004.0,670004.0,100.0,100.0
670114.0,670114.0,100.0,100.0
670115.0,670115.0,100.0,100.0
507733.0,670120.0,99.026,100.0
382976.0,670129.0,100.0,100.0
383056.0,670179.0,100.0,100.0
670232.0,670232.0,100.0,100.0
670275.0,670275.0,100.0,100.0
670308.0,670308.0,100.0,100.0
670343.0,670343.0,100.0,100.0
670366.0,670366.0,100.0,100.0
670406.0,670406.0,100.0,100.0
670425.0,670425.0,100.0,100.0
383503.0,670438.0,100.0,100.0
383521.0,670453.0,100.0,100.0
670478.0,670478.0,100.0,100.0
383580.0,670504.0,100.0,100.0
670587.0,670587.0,100.0,100.0
383699.0,670613.0,100.0,100.0
670614.0,670614.0,100.0,100.0
670635.0,670635.0,100.0,100.0
670683.0,670683.0,100.0,100.0
670707.0,670707.0,100.0,100.0
670950.0,670950.0,100.0,100.0
384116.0,671008.0,96.246,100.0
384119.0,671010.0,100.0,100.0
523611.0,671210.0,99.296,95.0
671216.0,671216.0,100.0,100.0
384398.0,671240.0,100.0,100.0
671341.0,671341.0,100.0,100.0
671464.0,671464.0,100.0,100.0
671479.0,671479.0,100.0,100.0
671507.0,671507.0,100.0,100.0
671534.0,671534.0,100.0,100.0
671550.0,671550.0,100.0,100.0
384980.0,671612.0,92.664,93.0
663526.0,671784.0,93.571,100.0
671784.0,671784.0,100.0,100.0
671787.0,671787.0,100.0,100.0
385343.0,671922.0,100.0,100.0
671944.0,671944.0,100.0,100.0
672011.0,672011.0,100.0,100.0
672022.0,672022.0,100.0,100.0
672023.0,672023.0,100.0,100.0
672034.0,672034.0,100.0,100.0
672053.0,672053.0,100.0,100.0
672068.0,672068.0,100.0,100.0
672090.0,672090.0,100.0,100.0
672234.0,672234.0,100.0,100.0
672285.0,672285.0,100.0,100.0
672438.0,672438.0,100.0,100.0
672503.0,672503.0,100.0,100.0
386073.0,672524.0,100.0,100.0
672566.0,672566.0,100.0,100.0
386223.0,672627.0,100.0,100.0
386684.0,673021.0,91.257,99.0
673022.0,673022.0,100.0,100.0
673100.0,673100.0,100.0,100.0
673129.0,673129.0,100.0,100.0
673227.0,673227.0,100.0,100.0
673237.0,673237.0,100.0,100.0
374548.0,673261.0,100.0,100.0
387030.0,673264.0,100.0,100.0
673278.0,673278.0,100.0,100.0
673332.0,673332.0,100.0,100.0
673374.0,673374.0,100.0,100.0
673388.0,673388.0,100.0,100.0
387197.0,673436.0,100.0,100.0
387338.0,673542.0,100.0,100.0
673656.0,673656.0,100.0,100.0
673659.0,673659.0,100.0,100.0
673691.0,673691.0,100.0,100.0
673746.0,673746.0,100.0,100.0
387625.0,673747.0,100.0,100.0
673754.0,673754.0,100.0,100.0
387664.0,673763.0,100.0,100.0
673806.0,673806.0,100.0,100.0
673887.0,673887.0,100.0,100.0
673899.0,673900.0,100.0,100.0
673907.0,673907.0,100.0,100.0
673939.0,673939.0,100.0,100.0
673948.0,673948.0,100.0,100.0
673963.0,673963.0,100.0,100.0
673971.0,673971.0,100.0,100.0
673972.0,673972.0,100.0,100.0
674103.0,674103.0,100.0,100.0
388117.0,674153.0,100.0,100.0
674165.0,674165.0,100.0,100.0
674166.0,674166.0,100.0,100.0
674336.0,674336.0,100.0,100.0
388545.0,674460.0,100.0,100.0
388569.0,674494.0,100.0,100.0
674499.0,674499.0,100.0,100.0
674561.0,674561.0,100.0,100.0
674635.0,674635.0,100.0,100.0
388737.0,674643.0,99.893,100.0
674700.0,674701.0,97.289,99.0
674705.0,674707.0,100.0,100.0
674758.0,674758.0,100.0,100.0
388882.0,674770.0,100.0,88.0
388884.0,674772.0,97.403,100.0
388973.0,674851.0,100.0,100.0
674864.0,674864.0,100.0,100.0
389013.0,674871.0,100.0,100.0
674879.0,674879.0,100.0,100.0
674984.0,674984.0,100.0,100.0
389144.0,675020.0,100.0,100.0
389249.0,675080.0,100.0,100.0
389259.0,675096.0,100.0,100.0
675107.0,675107.0,100.0,100.0
675205.0,675205.0,100.0,100.0
389534.0,675282.0,100.0,100.0
675322.0,675322.0,100.0,100.0
675363.0,675363.0,100.0,100.0
675426.0,675426.0,100.0,100.0
389705.0,675432.0,100.0,100.0
675527.0,675528.0,100.0,100.0
675650.0,675650.0,100.0,100.0
675680.0,675680.0,100.0,100.0
390016.0,675704.0,100.0,100.0
675718.0,675718.0,100.0,100.0
675758.0,675758.0,100.0,100.0
675792.0,675792.0,100.0,100.0
675883.0,675883.0,100.0,100.0
675899.0,675899.0,100.0,100.0
390345.0,676003.0,100.0,100.0
676053.0,676053.0,100.0,100.0
676135.0,676135.0,100.0,100.0
140762.0,676233.0,98.925,96.0
676320.0,676320.0,100.0,100.0
676324.0,676324.0,100.0,100.0
676442.0,676442.0,100.0,100.0
676468.0,676468.0,100.0,100.0
676483.0,676483.0,100.0,100.0
676534.0,676534.0,100.0,100.0
676676.0,676677.0,100.0,100.0
676684.0,676684.0,100.0,100.0
676689.0,676689.0,100.0,100.0
674383.0,676861.0,90.504,99.0
676889.0,676889.0,100.0,100.0
676956.0,676956.0,100.0,100.0
676957.0,676960.0,99.376,100.0
391498.0,676974.0,100.0,100.0
676979.0,676979.0,100.0,100.0
677160.0,677160.0,100.0,100.0
677279.0,677279.0,100.0,100.0
677280.0,677280.0,100.0,100.0
677317.0,677317.0,100.0,100.0
517597.0,677327.0,100.0,100.0
677540.0,677541.0,100.0,100.0
677582.0,677582.0,100.0,100.0
392201.0,677675.0,100.0,100.0
392224.0,677702.0,100.0,100.0
677706.0,677706.0,100.0,100.0
677732.0,677732.0,100.0,100.0
677808.0,677808.0,100.0,100.0
392343.0,677813.0,98.066,100.0
392433.0,677885.0,100.0,100.0
677974.0,677974.0,100.0,100.0
677986.0,677986.0,100.0,100.0
678022.0,678022.0,100.0,100.0
678163.0,678163.0,100.0,100.0
678166.0,678166.0,100.0,100.0
678172.0,678172.0,100.0,100.0
678182.0,678182.0,100.0,100.0
678297.0,678297.0,100.0,100.0
678470.0,678470.0,100.0,100.0
678535.0,678535.0,100.0,100.0
678574.0,678574.0,100.0,100.0
393204.0,678593.0,100.0,100.0
678608.0,678608.0,100.0,100.0
678623.0,678623.0,100.0,100.0
678632.0,678632.0,100.0,100.0
678777.0,678777.0,100.0,100.0
678787.0,678787.0,100.0,100.0
393543.0,678968.0,100.0,100.0
679255.0,679255.0,100.0,100.0
662963.0,696657.0,98.086,97.0
374423.0,696669.0,100.0,100.0
374446.0,696678.0,99.807,83.0
663022.0,696698.0,98.177,96.0
374491.0,696731.0,100.0,100.0
374547.0,696786.0,100.0,100.0
374559.0,696804.0,100.0,100.0
663215.0,696857.0,100.0,100.0
498872.0,696906.0,100.0,100.0
498944.0,696953.0,99.598,98.0
374750.0,696954.0,100.0,100.0
663416.0,697018.0,94.885,99.0
499140.0,697057.0,99.856,78.0
499168.0,697080.0,94.433,100.0
197728.0,697083.0,100.0,100.0
663507.0,697084.0,94.977,99.0
374996.0,697093.0,100.0,100.0
375022.0,697114.0,100.0,100.0
663572.0,697126.0,100.0,97.0
375181.0,697225.0,100.0,100.0
375233.0,697248.0,100.0,100.0
375236.0,697256.0,100.0,100.0
663750.0,697274.0,100.0,100.0
375416.0,697374.0,100.0,100.0
375439.0,697403.0,97.414,91.0
375482.0,697440.0,100.0,99.0
499771.0,697446.0,99.115,92.0
663990.0,697459.0,100.0,100.0
375603.0,697503.0,100.0,100.0
375625.0,697520.0,100.0,100.0
664058.0,697526.0,100.0,86.0
375690.0,697575.0,100.0,100.0
375699.0,697587.0,100.0,100.0
375713.0,697598.0,100.0,100.0
375743.0,697612.0,100.0,100.0
664167.0,697620.0,100.0,100.0
375774.0,697626.0,100.0,100.0
375783.0,697632.0,100.0,100.0
375789.0,697636.0,100.0,100.0
664298.0,697724.0,100.0,100.0
664341.0,697764.0,100.0,100.0
375977.0,697808.0,100.0,100.0
376024.0,697835.0,100.0,100.0
664600.0,697981.0,100.0,100.0
376257.0,697998.0,100.0,100.0
664619.0,698001.0,100.0,94.0
376276.0,698029.0,100.0,100.0
398377.0,698085.0,100.0,82.0
376363.0,698104.0,100.0,100.0
664729.0,698107.0,100.0,100.0
376370.0,698111.0,100.0,100.0
664840.0,698201.0,100.0,100.0
500848.0,698208.0,100.0,100.0
376578.0,698209.0,100.0,100.0
376620.0,698246.0,100.0,100.0
664922.0,698261.0,100.0,88.0
376662.0,698280.0,100.0,100.0
376712.0,698306.0,100.0,100.0
376827.0,698357.0,100.0,100.0
665115.0,698408.0,100.0,100.0
376899.0,698413.0,100.0,100.0
501201.0,698421.0,100.0,100.0
665175.0,698447.0,100.0,100.0
376995.0,698480.0,100.0,100.0
665213.0,698488.0,100.0,90.0
665225.0,698497.0,96.556,81.0
377016.0,698498.0,93.846,100.0
377108.0,698563.0,100.0,100.0
665314.0,698566.0,100.0,100.0
377155.0,698591.0,100.0,100.0
377223.0,698631.0,94.211,86.0
377248.0,698650.0,100.0,100.0
377340.0,698729.0,100.0,100.0
665520.0,698733.0,100.0,100.0
665606.0,698790.0,95.238,100.0
665621.0,698808.0,94.415,100.0
377565.0,698861.0,100.0,100.0
377624.0,698899.0,100.0,100.0
665791.0,698937.0,95.06,100.0
377700.0,698941.0,100.0,100.0
393686.0,698944.0,92.118,100.0
377715.0,698953.0,100.0,100.0
665829.0,698970.0,100.0,100.0
377746.0,698983.0,100.0,100.0
665844.0,698984.0,100.0,100.0
377802.0,699024.0,91.34,100.0
665952.0,699071.0,100.0,100.0
377865.0,699095.0,100.0,100.0
377904.0,699113.0,100.0,100.0
502325.0,699126.0,99.615,96.0
377935.0,699138.0,100.0,100.0
666053.0,699145.0,100.0,82.0
378117.0,699208.0,100.0,100.0
378223.0,699280.0,100.0,100.0
378307.0,699347.0,100.0,100.0
378320.0,699357.0,100.0,100.0
378332.0,699379.0,100.0,100.0
378433.0,699432.0,100.0,100.0
378448.0,699438.0,100.0,100.0
378451.0,699439.0,100.0,100.0
378463.0,699453.0,96.741,100.0
378466.0,699455.0,100.0,89.0
378471.0,699456.0,100.0,100.0
666467.0,699460.0,100.0,100.0
666481.0,699478.0,100.0,100.0
378622.0,699555.0,100.0,100.0
666639.0,699612.0,100.0,100.0
666706.0,699671.0,100.0,100.0
378781.0,699672.0,100.0,100.0
378793.0,699681.0,100.0,100.0
503287.0,699714.0,100.0,100.0
378847.0,699718.0,100.0,100.0
666779.0,699725.0,99.76,90.0
378936.0,699758.0,100.0,100.0
452206.0,699773.0,100.0,100.0
378987.0,699799.0,100.0,100.0
379000.0,699808.0,100.0,100.0
379040.0,699836.0,100.0,100.0
379062.0,699868.0,100.0,100.0
379077.0,699875.0,100.0,100.0
666983.0,699884.0,99.81,100.0
379104.0,699892.0,100.0,100.0
379169.0,699925.0,100.0,100.0
379245.0,699964.0,100.0,100.0
379306.0,700014.0,100.0,100.0
379404.0,700073.0,100.0,100.0
667244.0,700078.0,100.0,100.0
379418.0,700083.0,100.0,100.0
379438.0,700108.0,100.0,100.0
667333.0,700147.0,95.447,100.0
379504.0,700158.0,100.0,100.0
379515.0,700174.0,100.0,100.0
379519.0,700181.0,100.0,100.0
379522.0,700182.0,100.0,100.0
379544.0,700188.0,100.0,100.0
379553.0,700197.0,100.0,100.0
379583.0,700215.0,100.0,100.0
379660.0,700260.0,99.086,100.0
379694.0,700294.0,100.0,100.0
211692.0,700349.0,100.0,100.0
379772.0,700359.0,100.0,100.0
379786.0,700366.0,95.714,100.0
379797.0,700372.0,92.771,100.0
379929.0,700434.0,100.0,100.0
667679.0,700451.0,100.0,99.0
667684.0,700454.0,98.555,84.0
380128.0,700562.0,100.0,100.0
380163.0,700584.0,100.0,100.0
380195.0,700592.0,100.0,100.0
380601.0,700910.0,100.0,100.0
380614.0,700925.0,100.0,94.0
380624.0,700931.0,100.0,100.0
380639.0,700945.0,100.0,97.0
668347.0,701022.0,100.0,95.0
380929.0,701163.0,100.0,91.0
381078.0,701245.0,100.0,100.0
381133.0,701277.0,100.0,100.0
668728.0,701294.0,100.0,100.0
505850.0,701295.0,100.0,98.0
668734.0,701297.0,100.0,100.0
381169.0,701306.0,100.0,100.0
381229.0,701341.0,100.0,100.0
668856.0,701406.0,99.156,98.0
381337.0,701421.0,100.0,100.0
381340.0,701423.0,100.0,100.0
381352.0,701442.0,100.0,100.0
381395.0,701466.0,100.0,100.0
381439.0,701507.0,100.0,100.0
381442.0,701508.0,100.0,100.0
669021.0,701535.0,100.0,93.0
669022.0,701536.0,100.0,93.0
506263.0,701545.0,93.053,100.0
669047.0,701558.0,100.0,100.0
381597.0,701588.0,100.0,100.0
679699.0,701641.0,92.607,100.0
381739.0,701644.0,100.0,100.0
506580.0,701704.0,100.0,100.0
381824.0,701707.0,100.0,100.0
669263.0,701720.0,100.0,100.0
381844.0,701722.0,100.0,100.0
258634.0,701753.0,100.0,100.0
669352.0,701782.0,100.0,98.0
381960.0,701793.0,96.687,100.0
381961.0,701793.0,100.0,100.0
669433.0,701840.0,100.0,100.0
382116.0,701901.0,100.0,100.0
382125.0,701903.0,100.0,98.0
382126.0,701905.0,100.0,100.0
507101.0,702015.0,100.0,100.0
669639.0,702016.0,100.0,100.0
382326.0,702018.0,100.0,92.0
382343.0,702029.0,100.0,100.0
669656.0,702031.0,96.364,75.0
267145.0,702081.0,100.0,100.0
669811.0,702162.0,100.0,100.0
669845.0,702190.0,97.269,88.0
382623.0,702205.0,100.0,100.0
669883.0,702221.0,100.0,100.0
382640.0,702224.0,100.0,100.0
669894.0,702232.0,93.947,100.0
669960.0,702292.0,100.0,87.0
670043.0,702364.0,98.693,99.0
670071.0,702381.0,100.0,100.0
670078.0,702383.0,100.0,100.0
670080.0,702387.0,100.0,100.0
382864.0,702395.0,100.0,100.0
382872.0,702396.0,100.0,100.0
670105.0,702405.0,100.0,99.0
382942.0,702410.0,100.0,100.0
507717.0,702411.0,100.0,100.0
670213.0,702484.0,100.0,100.0
383168.0,702500.0,100.0,100.0
383377.0,702582.0,100.0,100.0
383384.0,702584.0,100.0,100.0
670415.0,702632.0,100.0,88.0
508116.0,702637.0,97.189,100.0
383535.0,702682.0,100.0,100.0
383560.0,702696.0,100.0,100.0
670520.0,702734.0,100.0,100.0
383642.0,702771.0,100.0,100.0
670580.0,702787.0,100.0,100.0
383659.0,702792.0,100.0,100.0
383686.0,702806.0,100.0,100.0
383693.0,702813.0,98.507,100.0
670643.0,702839.0,100.0,100.0
383828.0,702931.0,100.0,100.0
383896.0,702973.0,100.0,100.0
670836.0,703021.0,100.0,92.0
383926.0,703027.0,100.0,100.0
383946.0,703033.0,100.0,100.0
383959.0,703035.0,100.0,100.0
383962.0,703036.0,99.445,90.0
670881.0,703046.0,100.0,100.0
670903.0,703071.0,100.0,100.0
384086.0,703117.0,100.0,100.0
671005.0,703133.0,100.0,100.0
384205.0,703212.0,96.154,100.0
671215.0,703292.0,100.0,92.0
384369.0,703294.0,99.784,98.0
384553.0,703343.0,100.0,100.0
384559.0,703354.0,99.756,100.0
384581.0,703367.0,100.0,100.0
384621.0,703401.0,100.0,100.0
384629.0,703407.0,100.0,100.0
509342.0,703453.0,100.0,100.0
671518.0,703560.0,100.0,100.0
384922.0,703601.0,100.0,100.0
671560.0,703605.0,99.833,99.0
671595.0,703626.0,100.0,100.0
384966.0,703631.0,97.834,100.0
384995.0,703642.0,100.0,100.0
385039.0,703661.0,100.0,100.0
671740.0,703728.0,97.695,93.0
385190.0,703763.0,100.0,100.0
385203.0,703768.0,100.0,100.0
385247.0,703809.0,100.0,100.0
385253.0,703810.0,100.0,82.0
385262.0,703812.0,100.0,81.0
385266.0,703813.0,100.0,87.0
385276.0,703820.0,100.0,100.0
385293.0,703831.0,100.0,100.0
385334.0,703870.0,100.0,100.0
385337.0,703874.0,100.0,100.0
385345.0,703877.0,100.0,100.0
385359.0,703898.0,100.0,100.0
385427.0,703943.0,100.0,100.0
385433.0,703945.0,100.0,100.0
385447.0,703965.0,99.83,91.0
672054.0,703989.0,90.573,100.0
385521.0,704027.0,100.0,100.0
385577.0,704054.0,100.0,100.0
385634.0,704112.0,100.0,100.0
385655.0,704122.0,100.0,100.0
385673.0,704132.0,100.0,100.0
385677.0,704134.0,100.0,100.0
385679.0,704135.0,100.0,100.0
385682.0,704136.0,100.0,100.0
672293.0,704202.0,98.706,97.0
672316.0,704219.0,100.0,100.0
385817.0,704225.0,100.0,100.0
385821.0,704226.0,100.0,100.0
510589.0,704243.0,100.0,100.0
672379.0,704267.0,93.097,100.0
672395.0,704281.0,93.103,100.0
672474.0,704346.0,100.0,100.0
672484.0,704364.0,100.0,100.0
672485.0,704365.0,100.0,100.0
672579.0,704436.0,93.358,80.0
386163.0,704451.0,100.0,100.0
672715.0,704547.0,100.0,93.0
386394.0,704556.0,100.0,94.0
386419.0,704578.0,100.0,100.0
392709.0,704578.0,96.518,100.0
672828.0,704639.0,100.0,100.0
511263.0,704660.0,100.0,100.0
511287.0,704675.0,100.0,100.0
386538.0,704683.0,100.0,78.0
672901.0,704706.0,99.845,99.0
386575.0,704715.0,100.0,100.0
386601.0,704745.0,100.0,100.0
511422.0,704758.0,100.0,100.0
672976.0,704771.0,98.542,100.0
57700.0,704775.0,100.0,100.0
511501.0,704810.0,99.55,94.0
386680.0,704812.0,100.0,100.0
511525.0,704823.0,100.0,91.0
386749.0,704850.0,100.0,100.0
673070.0,704864.0,100.0,100.0
386899.0,704924.0,100.0,100.0
673169.0,704935.0,100.0,91.0
511857.0,704992.0,100.0,100.0
387047.0,705018.0,100.0,100.0
387062.0,705028.0,100.0,100.0
387076.0,705046.0,100.0,100.0
673330.0,705061.0,99.582,100.0
673353.0,705080.0,100.0,100.0
512045.0,705108.0,99.761,99.0
387208.0,705152.0,94.985,100.0
673445.0,705153.0,100.0,97.0
387376.0,705256.0,100.0,100.0
387397.0,705267.0,100.0,100.0
387398.0,705268.0,100.0,100.0
387411.0,705277.0,100.0,100.0
387420.0,705285.0,100.0,100.0
387645.0,705386.0,100.0,100.0
512623.0,705423.0,100.0,95.0
387740.0,705447.0,100.0,100.0
387814.0,705491.0,100.0,100.0
673928.0,705534.0,100.0,100.0
387862.0,705557.0,100.0,98.0
387924.0,705600.0,100.0,100.0
674101.0,705678.0,96.491,98.0
513095.0,705681.0,100.0,100.0
388077.0,705689.0,100.0,100.0
388078.0,705690.0,100.0,80.0
674143.0,705714.0,99.444,98.0
388105.0,705720.0,100.0,99.0
674162.0,705733.0,100.0,100.0
388376.0,705894.0,100.0,100.0
388378.0,705896.0,100.0,100.0
513446.0,705903.0,100.0,100.0
674370.0,705904.0,100.0,100.0
96062.0,705908.0,100.0,100.0
513456.0,705908.0,93.003,100.0
388453.0,705920.0,100.0,100.0
388461.0,705922.0,100.0,100.0
513482.0,705926.0,99.745,98.0
96780.0,705952.0,100.0,100.0
513717.0,706034.0,100.0,100.0
388621.0,706039.0,100.0,100.0
388687.0,706100.0,94.118,99.0
674604.0,706101.0,100.0,99.0
388732.0,706140.0,100.0,100.0
388789.0,706183.0,100.0,100.0
513933.0,706186.0,100.0,100.0
388794.0,706190.0,100.0,100.0
513979.0,706209.0,100.0,100.0
388831.0,706210.0,100.0,100.0
674729.0,706211.0,97.209,93.0
388845.0,706219.0,97.833,99.0
388849.0,706220.0,100.0,100.0
388876.0,706242.0,100.0,100.0
388934.0,706271.0,100.0,100.0
674813.0,706276.0,100.0,100.0
674886.0,706337.0,100.0,100.0
389047.0,706357.0,100.0,100.0
389061.0,706376.0,100.0,100.0
674967.0,706404.0,100.0,91.0
389169.0,706453.0,100.0,100.0
113510.0,706488.0,100.0,91.0
389305.0,706518.0,100.0,100.0
675238.0,706609.0,100.0,100.0
11058.0,706614.0,100.0,100.0
389558.0,706661.0,100.0,100.0
389589.0,706678.0,100.0,100.0
389591.0,706681.0,100.0,85.0
389594.0,706682.0,100.0,100.0
379808.0,706779.0,95.599,100.0
389714.0,706785.0,100.0,100.0
389832.0,706864.0,100.0,100.0
389922.0,706920.0,100.0,77.0
675608.0,706924.0,96.84,99.0
390048.0,707026.0,100.0,100.0
390064.0,707035.0,100.0,100.0
675759.0,707045.0,100.0,100.0
390107.0,707066.0,100.0,100.0
675805.0,707079.0,100.0,80.0
390154.0,707114.0,100.0,100.0
675845.0,707119.0,100.0,94.0
675865.0,707134.0,100.0,100.0
390270.0,707198.0,100.0,100.0
675950.0,707201.0,100.0,94.0
390357.0,707264.0,100.0,100.0
516055.0,707429.0,100.0,100.0
516092.0,707459.0,100.0,100.0
676283.0,707474.0,100.0,100.0
390707.0,707488.0,100.0,100.0
390815.0,707567.0,100.0,100.0
390821.0,707570.0,100.0,100.0
676520.0,707674.0,100.0,100.0
676598.0,707728.0,99.013,100.0
391135.0,707801.0,100.0,100.0
391245.0,707892.0,100.0,100.0
391404.0,707987.0,100.0,100.0
391504.0,708068.0,100.0,100.0
391565.0,708126.0,90.038,100.0
391604.0,708158.0,100.0,100.0
165162.0,708178.0,100.0,99.0
391675.0,708206.0,96.75,99.0
677226.0,708252.0,100.0,94.0
391819.0,708341.0,94.213,90.0
391822.0,708344.0,97.307,100.0
391831.0,708349.0,100.0,100.0
677457.0,708430.0,100.0,100.0
391981.0,708450.0,100.0,100.0
177697.0,708536.0,100.0,99.0
392125.0,708549.0,100.0,100.0
392160.0,708574.0,100.0,100.0
392173.0,708584.0,100.0,100.0
392359.0,708761.0,100.0,100.0
392400.0,708789.0,100.0,100.0
438517.0,708792.0,100.0,100.0
392421.0,708796.0,100.0,100.0
192665.0,708833.0,100.0,100.0
392534.0,708870.0,100.0,100.0
518746.0,708928.0,90.45,100.0
392706.0,708990.0,100.0,100.0
392811.0,709097.0,100.0,100.0
392852.0,709117.0,100.0,100.0
392902.0,709143.0,99.102,88.0
678299.0,709153.0,98.495,97.0
392933.0,709169.0,100.0,99.0
678484.0,709296.0,100.0,100.0
218055.0,709392.0,100.0,100.0
393208.0,709393.0,100.0,100.0
678618.0,709402.0,100.0,100.0
393248.0,709435.0,100.0,100.0
393312.0,709463.0,100.0,100.0
678832.0,709594.0,97.525,93.0
678942.0,709671.0,97.834,100.0
393559.0,709739.0,100.0,99.0
